{
    "BEAR_TREND": [
        0.006560861549578049,
        6.64802767408948e-05,
        0.609013736756878,
        -0.00811164923371997,
        -0.004867548848708984,
        -0.001807209474630955
    ],
    "SIDEWAYS": [
        22.167219207111994,
        5.827421055072907,
        2.9990837159074437,
        4.8341069909358625,
        5.198092035911188,
        2.6571363099765044
    ]
}